invoice,DATE,# ROOMS,HOURS,SUBTOTAL,TOTAL,REDUCTION,invoice_date,membership,discount_type,day_type,LENGTH
1115011 K+S Engagement Party,2016-01-02,  1.00,  5.00,1240.00,1240.00,  0.00,2015-11-18,PART_TIME,FRIEND,WEEKEND,HALF
1115010 Big West Rotaract,2016-07-22,  1.00,  7.50,1670.00,1092.50,  0.35,2015-11-18,FULL_TIME,MULTI_DAY,WEEKEND,FULL
915003-2 USF,2015-11-18,  1.00,  4.00,6060.75,894.41,  0.85,2015-11-17,FULL_TIME,FOUNDER,WEEKDAY,HALF
1115009 Main Source ptMem,2016-03-19,  6.00, 11.50,7475.00,5375.00,  0.28,2015-11-13,PART_TIME,MULTI_ROOM,WEEKEND,FULL
1115008 Sonia Bat Mitzvah,2017-04-29,  3.00,  8.00,4347.50,3515.00,  0.19,2015-11-13,NON_MEMBER,MULTI_ROOM,WEEKEND,FULL
1115007 Senior Shower Project,2015-12-02,  1.00,  5.00,1425.00,1425.00,  0.00,2015-11-13,PART_TIME,NONE,WEEKDAY,HALF
815003-5 Piedmont,2015-11-07,  2.00, 11.50,2940.00,2057.50,  0.30,2015-11-11,PART_TIME,MULTI_ROOM,WEEKEND,FULL
715002-2 Bike East Bay,2015-11-12,  3.00, 13.00,3465.00,2489.00,  0.28,2015-11-11,NON_MEMBER,FRIEND,WEEKDAY,FULL
715001-2 WPC ,2015-11-13,  2.00,  7.00,2570.00,2360.00,  0.08,2015-11-11,FULL_TIME,MULTI_ROOM,WEEKEND,FULL
1115006 theREGISTRY_AAEN Mixer,2016-12-17,  2.00,  6.00,2065.00,1390.00,  0.33,2015-11-11,PART_TIME,NA,WEEKDAY,FULL
1115003-3 Lisa Chacon ,2015-11-08,  1.00,,,,,2015-11-11,FULL_TIME,FOUNDER,WEEKEND,HALF
1015002-2 OPC,2015-12-06,  3.00,  8.00,2530.00,1030.00,  0.59,2015-11-11,FULL_TIME,NONE,WEEKEND,FULL
1115005 SoleSpace,2011-11-20,  1.00,  4.50,1595.00,815.00,  0.49,2015-11-10,NON_MEMBER,FOUNDER,WEEKEND,HALF
1115004 HacktheHood Open House,2011-12-07,  2.00,  4.50,665.00,642.50,  0.03,2015-11-10,FULL_TIME,NONE,WEEKDAY,HALF
815001-2 SELC Fall Celebration,2015-11-19,  1.00,  4.50,1180.23,1180.23,  0.00,2015-11-06,FULL_TIME,NONE,WEEKDAY,HALF
715012-3 Urban Beauty Inc,2015-11-15,  3.00,  9.00,4765.00,3041.25,  0.36,2015-11-06,NON_MEMBER,FOUNDER,WEEKEND,FULL
1115003-2 Lisa Chacon,2015-11-08,  1.00,,,,,2015-11-06,FULL_TIME,FOUNDER,WEEKEND,HALF
1115003 Lisa Chacon,2015-11-08,  1.00,,,,,2015-11-05,FULL_TIME,NA,WEEKEND,HALF
815003-4 Piedmont,2015-11-07,  2.00, 11.50,3290.00,2467.50,  0.25,2015-11-04,PART_TIME,MULTI_ROOM,WEEKEND,FULL
815003-3 Piedmont,2015-11-07,  2.00, 11.50,2940.00,2057.50,  0.30,2015-11-04,PART_TIME,MULTI_ROOM,WEEKEND,FULL
915010-3 sfnoir&Registry (2),2015-10-03,  3.00,  5.50,2405.00,1469.00,  0.39,2015-11-03,PART_TIME,REOCURRING,WEEKEND,FULL
1115002 Know Yourself ,2015-11-21,  1.00,  5.50,1300.00,1300.00,  0.00,2015-10-29,FULL_TIME,NONE,WEEKEND,FULL
1115001 ACLU_2rooms_Memb,2015-12-13,  2.00, 10.00,2940.00,2427.00,  0.17,2015-10-29,PART_TIME,NA,WEEKEND,FULL
915014-2 Dellums Institute,2016-01-29,  2.00,  5.00,1635.00,1495.00,  0.09,2015-10-28,FULL_TIME,NONE,WEEKEND,HALF
815004-2 Raz vocal production,2015-09-26,  1.00, 10.00,2730.00,1972.00,  0.28,2015-10-28,PART_TIME,MULTI_DAY,WEEKEND,FULL
1015007-2 Nat Em Law Prj,2015-02-25,  1.00,  7.00,2365.00,2365.00,  0.00,2015-10-28,NON_MEMBER,NONE,WEEKDAY,FULL
1015013 BUILD AtirumBroad,2015-12-03,  2.00,  4.00,1470.00,1323.75,  0.10,2015-10-27,NON_MEMBER,MULTI_ROOM,WEEKDAY,HALF
1015012 Youth HUB Pitch Event ,2016-05-14,  4.00,  8.00,4095.80,1850.00,  0.55,2015-10-27,FULL_TIME,FOUNDER,WEEKEND,FULL
1015011 Captricity,2015-12-10,  1.00,  7.00,2367.50,2168.38,  0.08,2015-10-27,NON_MEMBER,NA,WEEKDAY,FULL
1015004 Jenn Bomze_Parttime,2016-02-20,  2.00,  6.50,2675.00,2385.00,  0.11,2015-10-26,PART_TIME,MULTI_ROOM,WEEKEND,FULL
1015010 Film Forum,11/4-11/6/15,  1.00, 16.50,3780.00,2889.00,  0.24,2015-10-23,FULL_TIME,FRIEND,WEEKDAY,FULL
915006-2 EB College Fund_Memb,2015-10-21,  1.00,  3.50,1001.55,1001.55,  0.00,2015-10-19,PART_TIME,NONE,WEEKDAY,HALF
1015007 Nat Em Law Prj,2015-02-25,  1.00,  5.00,1585.00,1585.00,  0.00,2015-10-19,NON_MEMBER,NONE,WEEKDAY,HALF
1015006 Ellis Film,2015-02-25,  1.00,  5.50,1860.00,904.45,  0.51,2015-10-19,NON_MEMBER,FOUNDER,WEEKDAY,FULL
1015001-2 Str Urb Dev Alliance,2015-10-26,  1.00,  4.00,1322.68,1322.68,  0.00,2015-10-19,NON_MEMBER,NONE,WEEKDAY,HALF
815003-2 Piedmont,2015-11-07,  2.00, 11.00,3240.00,2467.50,  0.24,2015-10-16,PART_TIME,MULTI_ROOM,WEEKEND,FULL
1015009 Uptima Holiday Party,2015-12-08,  1.00,  4.00,890.00,890.00,  0.00,2015-10-15,FULL_TIME,NONE,WEEKDAY,HALF
1015008 Amigos,2015-11-16,  1.00,  4.00,1020.00,966.00,  0.05,2015-10-15,FULL_TIME,NA,WEEKDAY,HALF
1015005-2 Better Vt PreSeed,2015-12-09,  1.00,  4.50,1030.00,985.00,  0.04,2015-10-15,FULL_TIME,NA,WEEKDAY,HALF
815005-2 Oak Food Policy Coun,2015-11-01,  1.00,  5.00,1895.00,1895.00,  0.00,2015-10-12,NON_MEMBER,NONE,WEEKEND,HALF
1015003 Oakland High,2015-10-17,  1.00,,,,,2015-10-12,NA,NONE,WEEKEND,HALF
1015002 OPC,2015-12-06,  2.00,  5.50,1660.00,850.00,  0.49,2015-10-07,FULL_TIME,NONE,WEEKEND,FULL
815002-2 Occur Award Dinner ,2015-10-15,  3.00,  8.00,2677.50,2304.38,  0.14,2015-10-05,NON_MEMBER,RETURNING,WEEKDAY,FULL
615005-4 Food First,2015-10-16,  1.00,  5.50,1970.00,1970.00,  0.00,2015-10-05,PART_TIME,MULTI_ROOM,WEEKEND,FULL
915010-3 sfnoir&Registry,2015-10-03,  3.00,  5.50,2405.00,1469.00,  0.39,2015-10-01,PART_TIME,REOCURRING,WEEKEND,FULL
915010-2 sfnoir&Registry,2015-10-03,  3.00,  5.50,2810.00,1631.00,  0.42,2015-10-01,NON_MEMBER,REOCURRING,WEEKEND,FULL
915015 Friedns of Parks&Rec,2016-05-12,  4.00,  6.50,3037.50,2693.75,  0.11,2015-09-30,PART_TIME,MULTI_ROOM,WEEKDAY,FULL
915014 Dellums Institute,2015-12-05,  2.00,  5.00,1635.00,1495.00,  0.09,2015-09-28,FULL_TIME,NONE,WEEKEND,HALF
915013-2 Grantees Celebration,2015-09-30,  1.00,  5.50,1316.82,1316.82,  0.00,2015-09-28,FULL_TIME,NONE,WEEKDAY,FULL
915013 Grantees Celebration,2015-09-30,  1.00,  6.50,1606.82,1606.82,  0.00,2015-09-28,FULL_TIME,NONE,WEEKDAY,FULL
915011 RBGB_JoanOsato,2015-10-22,  1.00,  5.00,1792.50,802.50,  0.55,2015-09-24,NON_MEMBER,FOUNDER,WEEKDAY,HALF
915010 sfnoir&Registry,2015-10-03,  1.00,  5.50,1840.00,1840.00,  0.00,2015-09-22,NON_MEMBER,NONE,WEEKEND,FULL
815007 Oakland Museum,2015-10-04,  2.00,  9.50,3520.00,3126.25,  0.11,2015-09-22,NON_MEMBER,MULTI_ROOM,WEEKEND,FULL
915009 BaseCamp_WOI,2015-11-21,  1.00,  9.50,2467.50,692.50,  0.72,2015-09-18,FULL_TIME,FRIEND,WEEKEND,FULL
715011 Food Craft Institute,2015-09-17,  1.00,  5.00,1559.62,1559.62,  0.00,2015-09-16,NON_MEMBER,NONE,WEEKDAY,HALF
415007 Tradeswomen,2015-09-25,  2.00,  7.00,2655.00,2441.25,  0.08,2015-09-16,PART_TIME,MULTI_ROOM,WEEKDAY,FULL
915008 APEN_Member,2015-10-28,  1.00,  4.00,934.00,934.00,  0.00,2015-09-15,PART_TIME,NONE,WEEKDAY,HALF
915007 Nancy Skinner,2015-10-07,  1.00,  3.00,842.50,842.50,  0.00,2015-09-14,PART_TIME,NONE,WEEKDAY,HALF
915012 YMCA,2015-10-06,  1.00,  5.00,920.00,920.00,  0.00,2015-09-11,PART_TIME,NONE,WEEKDAY,HALF
915005 Better Ventures,2015-09-29,  1.00,  4.50,1030.00,985.00,  0.04,2015-09-09,FULL_TIME,NA,WEEKDAY,HALF
915003 USF,2015-11-18,  1.00,  4.00,930.00,826.00,  0.11,2015-09-04,FULL_TIME,FOUNDER,WEEKDAY,HALF
615001-3 Praxis,2015-10-23,  3.00,  7.00,4030.00,3518.12,  0.13,2015-09-04,NON_MEMBER,NONE,WEEKEND,FULL
915004 Redwood Day School,2016-04-02,  4.00, 12.50,5837.50,5292.50,  0.09,2015-09-03,NON_MEMBER,MULTI_ROOM,WEEKEND,FULL
915002 Teach for America Oak,2015-10-01,  1.00,  4.00,940.00,940.00,  0.00,2015-09-03,PART_TIME,NONE,WEEKDAY,HALF
915001 Johnson Bar Mitzvah,2015-03-12,  1.00,  7.00,2090.00,2090.00,  0.00,2015-09-02,NON_MEMBER,NONE,WEEKEND,FULL
815016 Forward Together,2015-09-15,  2.00,  4.50,1692.50,1542.50,  0.09,2015-08-31,PART_TIME,NONE,WEEKDAY,HALF
815015 David Cody,9/15/15-11/22/15,  1.00,,,,,2015-08-28,FULL_TIME,FOUNDER,WEEKDAY,HALF
815014 Dancin Power,2015-03-26,  1.00,  7.00,2070.00,1912.50,  0.08,2015-08-25,FULL_TIME,NA,WEEKEND,FULL
815013 Prep2Prep,2015-08-29,  1.00,  5.50,1790.00,1790.00,  0.00,2015-08-24,NON_MEMBER,NONE,WEEKEND,FULL
815012 Laura Futransky,2015-08-28,  1.00,  5.50,1797.28,1797.28,  0.00,2015-08-21,PART_TIME,NONE,WEEKEND,FULL
815011 United Roots ,2015-08-22,  1.00,  5.00,1287.50,1287.50,  0.00,2015-08-21,FULL_TIME,NONE,WEEKEND,HALF
415002-4 Tech808,2015-08-15,  2.00, 12.00,6112.58,4600.58,  0.25,2015-08-21,NON_MEMBER,NA,WEEKEND,FULL
815009 Our City,2015-08-18,  1.00,,,,,2015-08-18,NON_MEMBER,FOUNDER,WEEKDAY,HALF
815008-2 Trap House,2015-09-03,  1.00,  4.00,1300.00,1300.00,  0.00,2015-08-18,NON_MEMBER,NONE,WEEKDAY,HALF
815010 OMF,2015-09-23,  1.00,  5.50,1480.00,1283.12,  0.13,2015-08-17,PART_TIME,FOUNDER,WEEKDAY,FULL
415002-3 Tech808,2015-08-15,  2.00, 12.00,6012.58,4500.58,  0.25,2015-08-14,NON_MEMBER,NA,WEEKEND,FULL
815006 Meridian Don Michael,2015-10-24,  1.00,  9.00,1695.00,1548.00,  0.09,2015-08-13,FULL_TIME,NA,WEEKEND,FULL
815005 Oak Food Policy Council,2015-11-01,  1.00,  5.00,1695.00,1695.00,  0.00,2015-08-10,NON_MEMBER,NONE,WEEKEND,HALF
815004 Raz vocal productions ,2015-09-26,  1.00, 10.00,2730.00,2322.00,  0.15,2015-08-10,PART_TIME,MULTI_DAY,WEEKEND,FULL
815003 Piedmont,2015-11-14,  2.00,  7.50,2652.50,2292.50,  0.14,2015-08-07,PART_TIME,MULTI_ROOM,WEEKEND,FULL
815002 Occur Award Dinner,2015-10-15,  1.00,  4.50,1755.00,1661.25,  0.05,2015-08-07,NON_MEMBER,RETURNING,WEEKDAY,HALF
715008-2 Ada Initiative,2015-08-11,  1.00,  4.00,805.05,805.05,  0.00,2015-08-07,PART_TIME,NONE,WEEKDAY,HALF
515005 PAID Mills College,2015-06-03,  1.00,  4.00,1010.00,1010.00,  0.00,2015-08-06,PART_TIME,NONE,WEEKDAY,HALF
715013-2 Dinner Lab,2015-08-08,  1.00,  7.50,2045.00,2045.00,  0.00,2015-08-04,NON_MEMBER,NONE,WEEKEND,FULL
715004-2 PAID_BART ,2015-07-27,  1.00,  3.00,535.00,354.50,  0.34,2015-08-03,NON_MEMBER,FOUNDER,WEEKDAY,HALF
715014 Uptima Coop Challenge,2015-10-09,  1.00,  9.00,1595.00,1248.50,  0.22,2015-07-31,FULL_TIME,NA,WEEKEND,FULL
715013 Dinner Lab,2015-08-08,  1.00,  7.00,1872.50,1872.50,  0.00,2015-07-31,NON_MEMBER,NONE,WEEKEND,FULL
715012 Urban Beauty Inc,2015-11-15,  2.00,  8.50,4118.88,3116.51,  0.24,2015-07-29,NON_MEMBER,FOUNDER,WEEKEND,FULL
715003-2 National Poetry Slam,2015-08-14,  1.00,  6.50,2210.00,815.00,  0.63,2015-07-28,PART_TIME,FRIEND,WEEKEND,FULL
715010 TriNet,2015-09-16,  1.00,  5.00,1710.00,1710.00,  0.00,2015-07-24,NON_MEMBER,NONE,WEEKDAY,HALF
715004-2 BART,2015-07-27,  1.00,  3.00,535.00,354.50,  0.34,2015-07-24,NON_MEMBER,FOUNDER,WEEKDAY,HALF
715009 HacktheHood,2015-08-12,  2.00,  4.50,1715.00,1577.50,  0.08,2015-07-22,FULL_TIME,NONE,WEEKDAY,HALF
715008 Ada Initiative,2015-08-11,  1.00,  4.00,790.00,790.00,  0.00,2015-07-22,PART_TIME,NONE,WEEKDAY,HALF
715007 Pecha Kucha,2011-08-13,  1.00,  6.00,1610.00,620.00,  0.61,2015-07-21,FULL_TIME,FOUNDER,WEEKDAY,FULL
715006 BeThePeace,2011-09-18,  1.00,  7.50,2317.50,1998.75,  0.14,2015-07-20,NA,MULTI_ROOM,WEEKEND,FULL
715005 Paycation Launch,2011-07-18,  1.00,  7.00,1480.00,407.90,  0.72,2015-07-17,FULL_TIME,FOUNDER,WEEKEND,FULL
715002 Bike East Bay,2015-11-12,  2.00,  6.00,2920.00,2176.00,  0.25,2015-07-14,NON_MEMBER,FRIEND,WEEKDAY,FULL
715001 WPC,2011-11-12,  2.00,  7.00,2770.00,2560.00,  0.08,2015-07-07,FULL_TIME,MULTI_ROOM,WEEKEND,FULL
415008 Rockwood Institute,2015-07-13,  2.00,  6.50,1687.50,1687.50,  0.00,2015-06-26,NON_MEMBER,NONE,WEEKDAY,FULL
115012-2 Habitry,2015-06-27,  1.00,  9.00,2548.00,2038.00,  0.20,2015-06-22,PART_TIME,MULTI_DAY,WEEKEND,FULL
615002-2 IHO Whole Person,2015-06-07,  4.00, 12.25,3332.50,803.75,  0.76,2015-06-08,FULL_TIME,FOUNDER,WEEKEND,FULL
615003 Marian Farms,2015-06-23,  1.00,  5.00,1290.00,1290.00,  0.00,2015-06-03,FULL_TIME,NONE,WEEKDAY,HALF
515006 CODE2040,2015-05-29,  1.00,  4.50,1372.50,1308.75,  0.05,2015-05-26,PART_TIME,MULTI_ROOM,WEEKEND,HALF
415005-2 Amigos Orientation ,2015-04-25,  1.00,,,,,2015-05-22,FULL_TIME,NA,WEEKEND,HALF
415004-2 Amigos Interview Day,2015-04-11,  1.00,,,,,2015-05-22,FULL_TIME,NA,WEEKEND,HALF
115013-2 Youth Speaks_Olympics ,2015-05-30,  1.00,  5.00,1162.50,990.00,  0.15,2015-05-21,PART_TIME,NONE,WEEKEND,HALF
515004 Youth HUB Pitch Event ,2015-05-23,  4.00,  8.00,4095.80,1850.00,  0.55,2015-05-19,FULL_TIME,FOUNDER,WEEKEND,FULL
415018-2 Worksafe ,2015-05-21,  1.00,  4.50,1577.50,1577.50,  0.00,2015-05-18,NON_MEMBER,NONE,WEEKDAY,HALF
512003 Facebook HR,2015-06-09,  2.00,  5.00,1680.00,1540.50,  0.08,2015-05-12,NA,MULTI_ROOM,WEEKDAY,HALF
415013-2 Beneficial State FDN,2015-04-15,  1.00,,,,,2015-05-12,PART_TIME,NA,WEEKDAY,HALF
415017-2 Loudspeaker Films ,2015-05-09,  1.00,  4.50,1396.49,1396.49,  0.00,2015-05-06,PART_TIME,NONE,WEEKEND,HALF
515002 Racial Equitecture,2015-05-27,  1.00,,,,,2015-05-05,FULL_TIME,NONE,WEEKDAY,HALF
515002 Racial Equitecture,2015-06-03,  1.00,,,,,2015-05-05,FULL_TIME,NONE,WEEKDAY,HALF
515002 Racial Equitecture,2015-06-10,  1.00,,,,,2015-05-05,FULL_TIME,NONE,WEEKDAY,HALF
515002 Racial Equitecture,2015-06-17,  1.00,,,,,2015-05-05,FULL_TIME,NONE,WEEKDAY,HALF
515002 Racial Equitecture,2015-06-24,  1.00,,,,,2015-05-05,FULL_TIME,NONE,WEEKDAY,HALF
515001 HipHopForChange,2015-07-04,  1.00, 10.00,2785.00,2582.50,  0.07,2015-05-01,FULL_TIME,NA,WEEKEND,FULL
415019 HERA 10th Anniversary,2015-09-24,  3.00,  9.50,2305.00,2305.00,  0.00,2015-04-29,NON_MEMBER,NONE,WEEKDAY,FULL
315012-2 LaunchPad Africa,2015-05-16,  1.00,  8.50,1940.00,1940.00,  0.00,2015-04-29,PART_TIME,NONE,WEEKEND,FULL
415018 Worksafe,2015-05-21,  1.00,  4.00,1390.00,1390.00,  0.00,2015-04-28,NON_MEMBER,NONE,WEEKDAY,HALF
415017 Loudspeaker Films,2015-05-09,  1.00,  6.50,1356.49,1356.49,  0.00,2015-04-28,PART_TIME,NONE,WEEKEND,FULL
315008-2 Kapor Center,2015-05-02,  3.00, 10.00,3315.00,3020.25,  0.09,2015-04-28,FULL_TIME,NA,WEEKEND,FULL
415016 FVLC Be Brave,2015-09-18,  1.00,  7.00,1900.00,1900.00,  0.00,2015-04-27,PART_TIME,NONE,WEEKEND,FULL
115005-4 Friends of Parks&R ,2015-05-07,  5.00, 11.00,3432.50,3250.00,  0.05,2015-04-27,PART_TIME,MULTI_ROOM,WEEKDAY,FULL
415015 Sound of Torture,2015-05-05,  1.00,  5.00,1355.00,620.00,  0.54,2015-04-24,PART_TIME,FRIEND,WEEKDAY,HALF
2199-2 Redwood Day School,2015-04-25,  4.00, 12.50,5657.50,5297.75,  0.06,2015-04-22,NON_MEMBER,MULTI_ROOM,WEEKEND,FULL
415014-3 CJ Callen,2015-04-15,  2.00,,,,,2015-04-21,PART_TIME,NONE,WEEKDAY,HALF
415014-2 CJ Callen,2015-04-15,  2.00,,,,,2015-04-21,PART_TIME,NONE,WEEKDAY,HALF
415014 CJ Callen,2015-04-15,  2.00,,,,,2015-04-21,PART_TIME,NONE,WEEKDAY,HALF
415013 Beneficial State FDN,2015-04-15,  1.00,,,,,2015-04-20,PART_TIME,NONE,WEEKDAY,HALF
415012 Uptima 2.Oakland Demo,2015-05-20,  1.00,  4.50,945.00,945.00,  0.00,2015-04-16,FULL_TIME,NONE,WEEKDAY,HALF
415011 Ten Directions,2015-04-24,  2.00,  9.00,1757.50,1195.00,  0.32,2015-04-16,NON_MEMBER,FOUNDER,WEEKEND,FULL
315011-2 Cleantech Open paid,2015-04-21,  1.00,  5.00,1409.00,701.00,  0.50,2015-04-16,NON_MEMBER,NA,WEEKDAY,HALF
315011-2 Cleantech Open,2015-04-21,  1.00,  5.00,1409.00,701.00,  0.50,2015-04-16,NON_MEMBER,NA,WEEKDAY,HALF
415010 LNArt Old Navy,2015-02-24,  1.00,  5.00,1590.00,1590.00,  0.00,2015-04-10,NON_MEMBER,NONE,WEEKDAY,HALF
415009 Black Folks House,2015-04-18,  1.00,,,,,2015-04-10,PART_TIME,FOUNDER,WEEKEND,HALF
315007-2 Friends of the Earth ,2015-04-14,  1.00,  4.00,1160.00,1160.00,  0.00,2015-04-07,PART_TIME,NONE,WEEKDAY,HALF
415006 CSS Member,2015-06-04,  1.00,  4.00,910.00,910.00,  0.00,2015-04-06,PART_TIME,NONE,WEEKDAY,HALF
315005-2 LNA_MidLifeCelebration,2015-04-04,  1.00,  7.50,1775.00,406.45,  0.77,2015-04-01,FULL_TIME,FRIEND,WEEKEND,FULL
315001-2 Presidio Kunstler,2015-04-09,  2.00,  6.25,1660.00,1583.50,  0.05,2015-04-01,FULL_TIME,MULTI_ROOM,WEEKDAY,FULL
315013 TeachforAmerica,2015-04-14,  1.00,,,,,2015-03-30,PART_TIME,NONE,WEEKDAY,HALF
315012 LaunchPad Africa,2015-05-16,  1.00,  7.50,1645.00,1645.00,  0.00,2015-03-25,PART_TIME,NONE,WEEKEND,FULL
315011 Cleantech Open,2015-04-21,  1.00,  5.00,1385.00,677.00,  0.51,2015-03-25,NON_MEMBER,NA,WEEKDAY,HALF
315002-2 Develop Yourself ,3/28-3/29,  2.00, 20.00,6464.00,3176.00,  0.51,2015-03-24,PART_TIME,MULTI_DAY,WEEKEND,FULL
315010 Defy Ventures_Admisssion,2015-03-25,  1.00,  4.50,895.00,895.00,  0.00,2015-03-23,PART_TIME,NONE,WEEKDAY,HALF
315009 Hack The Hood,2015-04-23,  1.00,  4.50,1440.00,1440.00,  0.00,2015-03-20,FULL_TIME,NONE,WEEKDAY,HALF
315006-2 Empathy in Business,2015-04-16,  1.00,,,,,2015-03-20,FULL_TIME,NONE,WEEKDAY,HALF
315008 Kapor Center,2015-05-02,  1.00, 12.00,3380.00,3065.00,  0.09,2015-03-19,FULL_TIME,NA,WEEKEND,FULL
115001-3 P2R Graduation,2015-03-21,  1.00,  4.50,1299.32,1299.32,  0.00,2015-03-18,FULL_TIME,NONE,WEEKEND,HALF
315007 Friends of the Earth,2015-04-14,  1.00,  3.50,1027.50,1027.50,  0.00,2015-03-17,PART_TIME,NONE,WEEKDAY,HALF
315005 LNA_MidLifeCelebration,2015-04-04,  1.00,  6.50,1715.00,301.45,  0.82,2015-03-17,FULL_TIME,FRIEND,WEEKEND,FULL
315004 Oak Int Film Fest,2015-03-25,  1.00,  4.50,717.50,210.00,  0.71,2015-03-11,NON_MEMBER,FOUNDER,WEEKDAY,HALF
215013-2 GlobalGirl Media ,2015-03-21,  1.00,  5.50,1607.50,1423.75,  0.11,2015-03-10,FULL_TIME,FOUNDER,WEEKEND,FULL
315003 EB Church of R Science,2015-03-27,  1.00,  6.50,1942.50,1942.50,  0.00,2015-03-06,FULL_TIME,FOUNDER,WEEKEND,FULL
315002 Develop Yourself,3/28-3/29,  2.00, 20.50,8555.00,3683.00,  0.57,2015-03-05,PART_TIME,MULTI_DAY,WEEKEND,FULL
115009-2  Warthogs Youth Rugby,2015-03-14,  3.00, 11.50,3777.50,3562.50,  0.06,2015-03-05,PART_TIME,NONE,WEEKEND,FULL
315001 Presidio Kunstler ,2015-04-09,  3.00,  5.25,1585.00,1495.00,  0.06,2015-03-03,FULL_TIME,MULTI_ROOM,WEEKDAY,HALF
215013 GlobalGirl Media,2015-03-21,  1.00,  6.00,1670.00,1512.50,  0.09,2015-03-03,FULL_TIME,FOUNDER,WEEKEND,FULL
115005-2 Friends of Parks&Rec,2015-05-07,  5.00, 10.50,3172.50,2998.50,  0.05,2015-03-03,PART_TIME,MULTI_ROOM,WEEKDAY,FULL
215016 Youth Business USA,2015-03-01,  1.00,,,,,2015-02-24,FULL_TIME,NONE,WEEKEND,HALF
215006-2 BGC Comm Meeting_AV,2015-02-23,  1.00,  4.50,1370.00,1280.00,  0.07,2015-02-23,FULL_TIME,FRIEND,WEEKDAY,HALF
215015-2 Oakland Institute ,2015-04-24,  2.00,  8.00,2517.50,2517.50,  0.00,2015-02-20,NON_MEMBER,NONE,WEEKEND,FULL
215015 Oakland Institute,2015-04-24,  1.00,  5.50,2215.00,2215.00,  0.00,2015-02-20,NON_MEMBER,NONE,WEEKEND,FULL
215014-2 OneLife IHO Collab,2015-03-21,  1.00,  5.00,1695.00,1317.00,  0.22,2015-02-20,NON_MEMBER,FRIEND,WEEKEND,HALF
215014 OneLife IHO Collab ,2015-03-21,  1.00,  5.00,1895.00,1517.00,  0.20,2015-02-20,NON_MEMBER,FRIEND,WEEKEND,HALF
215012 Barbara Lee,2015-03-12,  1.00,  4.00,980.00,980.00,  0.00,2015-02-18,FULL_TIME,NONE,WEEKDAY,HALF
215011 Kaiser HNS Grad,2015-06-13,  1.00,  9.50,3095.00,2906.00,  0.06,2015-02-18,NON_MEMBER,NA,WEEKEND,FULL
215010-2 Ever Forward Club,2015-03-04,  1.00,  6.00,1730.00,1175.00,  0.32,2015-02-12,PART_TIME,NA,WEEKDAY,FULL
215010 Ever Forward Club,2015-03-04,  1.00,  6.00,1730.00,1730.00,  0.00,2015-02-12,PART_TIME,NONE,WEEKDAY,FULL
215009 CIIS ,2015-02-22,  1.00,  8.00,2350.00,2027.50,  0.14,2015-02-11,PART_TIME,NA,WEEKEND,FULL
215008 YBCA #BLM,2015-02-16,  2.00,  6.00,2690.00,1910.00,  0.29,2015-02-11,NON_MEMBER,FOUNDER,WEEKDAY,FULL
215007-2 Life is Loving ,2015-02-14,  1.00,  5.50,1610.00,1189.25,  0.26,2015-02-11,PART_TIME,FOUNDER,WEEKEND,FULL
215004-2 Design Thinking ,2015-02-12,  1.00,  3.50,645.00,327.00,  0.49,2015-02-11,FULL_TIME,NA,WEEKDAY,HALF
215007 Life is Loving,2015-02-14,  1.00,  5.50,1610.00,1610.00,  0.00,2015-02-10,PART_TIME,NONE,WEEKEND,FULL
215006 BGC Comm Meeting,2015-02-23,  1.00,  4.50,1190.00,1100.00,  0.08,2015-02-05,FULL_TIME,FRIEND,WEEKDAY,HALF
215005 BE PRESENT,2015-05-14,  2.00,  6.00,2180.00,710.00,  0.67,2015-02-04,NON_MEMBER,FRIEND,WEEKDAY,FULL
115007 Inn Oakland Town Hall,2015-02-04,  1.00,  4.50,900.00,900.00,  0.00,2015-02-03,FULL_TIME,NONE,WEEKDAY,HALF
115016 Music for the People Ent,2015-02-15,  1.00,  8.00,2842.50,900.00,  0.68,2015-01-30,NON_MEMBER,FRIEND,WEEKEND,FULL
2196-2 Tuux.it,2015-02-06,  1.00,  3.50,832.50,495.00,  0.41,2015-01-29,NON_MEMBER,FRIEND,WEEKEND,HALF
215002-2 Equitable Origin,2015-02-26,  1.00,  5.00,1640.00,1432.00,  0.13,2015-01-29,NON_MEMBER,FOUNDER,WEEKDAY,HALF
115015 SustainAbility RoundTbl,2014-02-12,  1.00,  4.00,340.00,340.00,  0.00,2015-01-28,FULL_TIME,NONE,WEEKDAY,HALF
115014 Debby Irving,2015-02-12,  1.00,  4.00,680.00,680.00,  0.00,2015-01-28,FULL_TIME,FRIEND,WEEKDAY,HALF
115013 Youth Speaks_Olympics,2015-05-30,  1.00,  5.50,1605.00,1605.00,  0.00,2015-01-27,PART_TIME,NONE,WEEKEND,FULL
115011 Defy Ventures,2015-01-27,  1.00,  4.50,1057.50,1057.50,  0.00,2015-01-26,NON_MEMBER,NONE,WEEKDAY,HALF
115010 Stephen Busby,2015-05-11,  1.00,,,,,2015-01-26,FULL_TIME,NONE,WEEKDAY,HALF
115009  Warthogs Youth Rugby,2015-03-14,  2.00,  7.50,3027.50,2922.50,  0.03,2015-01-22,PART_TIME,NONE,WEEKEND,FULL
2191_Rev1 SFJazz_OPC,2015-01-27,  1.00,  2.50,180.00,180.00,  0.00,2015-01-21,FULL_TIME,NONE,WEEKDAY,HALF
115008 Beyond Separation ,2015-01-27,  1.00,  3.00,180.00,180.00,  0.00,2015-01-20,FULL_TIME,FRIEND,WEEKDAY,HALF
115005 Friends of Parks&Rec,2015-05-07,  5.00, 11.00,3387.50,3199.50,  0.06,2015-01-20,PART_TIME,MULTI_ROOM,WEEKDAY,FULL
415001 Agents of Change,2015-04-08,  1.00,  4.00,1220.00,1220.00,  0.00,2015-01-14,FULL_TIME,FRIEND,WEEKDAY,HALF
215002 Equitable Origin,2015-02-26,  1.00,  5.00,1440.00,1340.00,  0.07,2015-01-14,NON_MEMBER,FOUNDER,WEEKDAY,HALF
215001 CPD Gala,2015-02-05,  1.00,  4.00,1060.00,1060.00,  0.00,2015-01-09,PART_TIME,NONE,WEEKDAY,HALF
115004 KQED,2014-02-13,  1.00,  6.50,2395.00,1765.00,  0.26,2015-01-09,NON_MEMBER,FRIEND,WEEKEND,FULL
115003 YouthHUB_IHO Holiday,2014-12-17,  1.00,  3.40,1555.13,688.56,  0.56,2015-01-08,FULL_TIME,FRIEND,WEEKDAY,HALF
2193_Rev1 Rosenberg Foundation,2014-01-14,  1.00,  4.50,1307.50,1307.50,  0.00,2015-01-06,NON_MEMBER,NONE,WEEKDAY,HALF
115001-2 P2R Graduation,2015-03-21,  1.00,  5.50,1447.50,1447.50,  0.00,2015-01-02,FULL_TIME,NONE,WEEKEND,FULL
215004 Design Thinking,2015-02-12,  1.00,  4.00,980.00,647.00,  0.34,2014-12-31,FULL_TIME,NA,WEEKDAY,HALF
2201 SF Noir,2015-02-25,  1.00,  6.00,2375.00,600.00,  0.75,2014-12-26,NON_MEMBER,FRIEND,WEEKDAY,FULL
2200 Rebirth & Renewal,2015-01-10,  1.00,,,,,2014-12-23,PART_TIME,NA,WEEKEND,HALF
2199 Redwood Day School,2015-04-25,  4.00,  9.50,5737.50,5305.75,  0.08,2014-12-15,NON_MEMBER,MULTI_ROOM,WEEKEND,FULL
2198 Beyond Sep_SeriesII_April,2015-04-01,  1.00,,,,,2014-12-12,FULL_TIME,NONE,WEEKDAY,HALF
2198 Beyond Sep_SeriesII_April,2015-04-08,  1.00,,,,,2014-12-12,FULL_TIME,NONE,WEEKDAY,HALF
2198 Beyond Sep_SeriesII_April,2015-04-15,  1.00,,,,,2014-12-12,FULL_TIME,NONE,WEEKDAY,HALF
2198 Beyond Sep_SeriesII_April,2015-04-22,  1.00,,,,,2014-12-12,FULL_TIME,NONE,WEEKDAY,HALF
2197 Beyond Sep_SeriesII_March,2015-03-04,  1.00,,,,,2014-12-12,FULL_TIME,NONE,WEEKDAY,HALF
2197 Beyond Sep_SeriesII_March,2015-03-11,  1.00,,,,,2014-12-12,FULL_TIME,NONE,WEEKDAY,HALF
2197 Beyond Sep_SeriesII_March,2015-03-18,  1.00,,,,,2014-12-12,FULL_TIME,NONE,WEEKDAY,HALF
2197 Beyond Sep_SeriesII_March,2015-03-25,  1.00,,,,,2014-12-12,FULL_TIME,NONE,WEEKDAY,HALF
2196 Tuux.it,2015-02-06,  1.00,  2.50,592.50,255.00,  0.57,2014-12-10,NON_MEMBER,FRIEND,WEEKEND,HALF
2195 SYNCIS,2014-12-18,  1.00,  2.50,202.50,202.50,  0.00,2014-12-09,NON_MEMBER,NONE,WEEKDAY,HALF
2182 Diversity Challenge_Rev1,2014-12-10,  2.00,  6.00,2770.00,2073.00,  0.25,2014-12-09,NON_MEMBER,MULTI_ROOM,WEEKDAY,FULL
 215003 Forward Together,2014-02-20,  1.00,  6.00,1967.50,1680.62,  0.15,2014-12-08,PART_TIME,MULTI_DAY,WEEKEND,FULL
2194 AAMA_Report Out,2015-01-15,  5.00,  4.00,2640.00,2037.50,  0.23,2014-12-05,NON_MEMBER,FRIEND,WEEKDAY,HALF
2193 Rosenberg Foundation,2014-01-14,  1.00,  4.50,1187.50,1187.50,  0.00,2014-12-05,NON_MEMBER,NONE,WEEKDAY,HALF
2192 Josh Healey,2014-12-18,  1.00,  4.50,1200.00,610.00,  0.49,2014-12-04,NA,NA,WEEKDAY,HALF
2191 SFJazz_OPC,2015-01-13,  1.00,  2.50,180.00,180.00,  0.00,2014-12-04,FULL_TIME,NONE,WEEKDAY,HALF
2190 Kerusso Music Group,2014-12-31,  1.00,  6.50,3540.00,3540.00,  0.00,2014-11-26,NON_MEMBER,NONE,WEEKDAY,FULL
2189 BGC_volunteertraining_2,2014-12-10,  1.00,  4.00,390.00,390.00,  0.00,2014-11-25,FULL_TIME,NONE,WEEKDAY,HALF
2188 BGC_volunteertraining,2014-12-06,  2.00,  5.00,1005.00,1005.00,  0.00,2014-11-25,FULL_TIME,NONE,WEEKEND,HALF
2187 AlterConf,2015-01-31,  1.00,  7.00,2485.00,2485.00,  0.00,2014-11-24,NON_MEMBER,NONE,WEEKEND,FULL
2186 Kiwan,2014-12-09,  1.00,  2.00, 85.00, 85.00,  0.00,2014-11-24,PART_TIME,NONE,WEEKDAY,HALF
2184 Konda Mason_warmcoat,2014-12-08,  2.00,  5.00,2305.00,1127.50,  0.51,2014-11-20,NON_MEMBER,FOUNDER,WEEKDAY,HALF
2183 LNA_Fertile,2014-11-15,  1.00,  6.50,1715.00,301.45,  0.82,2014-11-19,FULL_TIME,FRIEND,WEEKEND,FULL
115002 LNA_Storytelling,2015-01-16,  1.00,  6.50,1715.00,301.45,  0.82,2014-11-19,FULL_TIME,FRIEND,WEEKEND,FULL
2117 SELC,2014-11-18,  1.00,  5.50,1640.00,990.00,  0.40,2014-11-18,NA,NONE,WEEKDAY,FULL
2181 BALANCE,2014-11-12,  1.00,  5.00,1635.00,811.80,  0.50,2014-11-11,FULL_TIME,FRIEND,WEEKDAY,HALF
2180 Sandra Lawson_PTmember,2015-01-17,  2.00, 10.00,2485.00,1960.00,  0.21,2014-11-11,PART_TIME,NONE,WEEKEND,FULL
2179 ACOE_ILSP Retreat,2015-04-18,  1.00,,,,,2014-11-11,NON_MEMBER,NONE,WEEKEND,HALF
2178 ACOE_Synergy Day (2),2015-03-21,  1.00,,,,,2014-11-11,NON_MEMBER,NONE,WEEKEND,HALF
2177 ACOE_Apprentice Training,2014-12-14,  1.00,,,,,2014-11-11,NON_MEMBER,NA,WEEKEND,HALF
2176 ACOE_Synergy Day,2014-12-13,  1.00,,,,,2014-11-11,NON_MEMBER,NA,WEEKEND,HALF
2175 ACOE_meeting_rev1,2014-11-22,  1.00,,,,,2014-11-10,NON_MEMBER,REOCURRING,WEEKEND,HALF
2175 ACOE_meeting,2014-11-22,  1.00,,,,,2014-11-10,NON_MEMBER,NONE,WEEKEND,HALF
2172_Rev1 Lajones & Associates,2014-12-16,  1.00,  5.00,1225.00,1225.00,  0.00,2014-11-07,PART_TIME,NONE,WEEKDAY,HALF
2182 Diversity Challenge,2014-12-10,  2.00,  5.00,2620.00,1923.00,  0.27,2014-11-06,NON_MEMBER,MULTI_ROOM,WEEKDAY,HALF
2185 YEP,2014-11-08,  1.00,  4.00,1120.00,493.50,  0.56,2014-11-05,NON_MEMBER,NA,WEEKEND,HALF
2172 Lajones & Associates,2014-12-16,  2.00,  5.00,1675.00,1675.00,  0.00,2014-11-04,PART_TIME,NONE,WEEKDAY,HALF
2171 Courtney Ruby for Mayor,2014-10-29,  2.00,  5.50,1120.00,1120.00,  0.00,2014-11-04,FULL_TIME,NONE,WEEKDAY,FULL
2170 Alameda Health Services,2014-12-09,  3.00,  7.50,2132.50,1940.00,  0.09,2014-11-04,NON_MEMBER,MULTI_ROOM,WEEKDAY,FULL
2169 Red Door Group,2014-12-12,  4.00,  9.00,2555.00,2345.00,  0.08,2014-11-04,NON_MEMBER,MULTI_ROOM,WEEKDAY,FULL
2173 EvolutionLeadership_Fedor,2014-11-08,  1.00,,,,,2014-11-03,FULL_TIME,NA,WEEKEND,HALF
2160 BK Publishers_LockedDown,2014-11-04,  1.00,  4.00,962.09,962.00,  0.00,2014-11-03,NON_MEMBER,NONE,WEEKDAY,HALF
2174 CARE Strategies,2014-11-19,  1.00,  3.50,222.50,222.50,  0.00,2014-10-29,PART_TIME,NONE,WEEKDAY,HALF
2168 PPGBA_OnBroadway,2014-11-20,  1.00,  5.00,1025.00,1025.00,  0.00,2014-10-29,PART_TIME,NONE,WEEKDAY,HALF
2167 Sandra Lawson,2015-01-17,  2.00, 10.00,2865.00,2200.00,  0.23,2014-10-28,NON_MEMBER,NONE,WEEKEND,FULL
2166 SustainAbility RoundTable,2014-12-04,  1.00,  3.50,310.00,310.00,  0.00,2014-10-24,FULL_TIME,NONE,WEEKDAY,HALF
2165 Marie Bernardo_Rev1,2014-12-13,  2.00,  9.00,3245.00,3245.00,  0.00,2014-10-23,NON_MEMBER,NONE,WEEKEND,FULL
2165 Marie Bernardo,2014-12-13,  1.00,  9.00,2825.00,2825.00,  0.00,2014-10-23,NON_MEMBER,NONE,WEEKEND,FULL
2164 Tides ,2014-12-01,  1.00,  5.00,1330.00,1180.00,  0.11,2014-10-23,NON_MEMBER,NONE,WEEKDAY,HALF
2163 Kaiser Emergency Dept_Rev1,2014-12-06,  2.00,  7.50,3000.00,3000.00,  0.00,2014-10-20,PART_TIME,NONE,WEEKEND,FULL
2163 Kaiser Emergency Dept,2014-12-06,  1.00,  7.50,2000.00,2000.00,  0.00,2014-10-20,PART_TIME,NONE,WEEKEND,FULL
2162 Housing Consortium,2014-10-30,  1.00,  5.00,1451.00,1451.00,  0.00,2014-10-16,PART_TIME,NONE,WEEKDAY,HALF
2137 Bay Bucks_Final,2014-10-24,  1.00,,520.00,520.00,  0.00,2014-10-16,FULL_TIME,NA,WEEKDAY,HALF
2161 Amigos_HostTraining,2014-11-19,  1.00,  6.00,830.00,830.00,  0.00,2014-10-09,FULL_TIME,NONE,WEEKDAY,FULL
2160 OPEN,2014-10-08,  1.00,  4.00,810.00,810.00,  0.00,2014-10-06,FULL_TIME,NONE,WEEKDAY,HALF
2159 LIfe is Living,2014-10-10,  1.00,  5.50,1385.00,1128.35,  0.19,2014-10-01,NON_MEMBER,FRIEND,WEEKDAY,FULL
2158 Rosenberg Foundation Event,2014-12-02,  1.00,  4.50,1187.50,1187.50,  0.00,2014-10-01,NON_MEMBER,NONE,WEEKDAY,HALF
2157 Thomas Huebl_BAI,2014-12-11,  1.00,  5.00,1205.00,762.50,  0.37,2014-10-01,NON_MEMBER,FRIEND,WEEKDAY,HALF
2156 HERA_ScotchTasting,2014-10-16,  1.00,  2.50,340.00,340.00,  0.00,2014-10-01,NON_MEMBER,NONE,WEEKDAY,HALF
2155 Bay Localize,2014-11-14,  1.00,  6.00,1840.00,1840.00,  0.00,2014-09-23,NON_MEMBER,NONE,WEEKEND,FULL
2154 Honeyman,2014-11-10,  1.00,  4.00,1090.00,942.50,  0.14,2014-09-23,NON_MEMBER,FRIEND,WEEKDAY,HALF
2153 Bootcamp_BusinessInn_pt3,2014-11-19,  1.00,  3.00,380.00,380.00,  0.00,2014-09-23,NA,NONE,WEEKDAY,HALF
2152 Bootcamp_BusinessInn_pt2,2014-09-24,  1.00,  3.00,380.00,380.00,  0.00,2014-09-23,NA,NONE,WEEKDAY,HALF
2118 HiddenGenius,2014-09-23,  1.00,  6.00,1775.00,1125.00,  0.37,2014-09-23,NA,NONE,WEEKDAY,FULL
2151 B Labs,2014-10-03,  1.00,  4.00,1120.00,681.20,  0.39,2014-09-22,NON_MEMBER,FRIEND,WEEKDAY,HALF
2149 Bike East Bay,2014-11-13,  2.00,  5.50,2315.00,1800.50,  0.22,2014-09-19,NON_MEMBER,NA,WEEKDAY,FULL
2147 Beyond the Culture_Nov,2014-11-03,  1.00,,,,,2014-09-19,FULL_TIME,NONE,WEEKDAY,HALF
2147 Beyond the Culture_Nov,2014-11-10,  1.00,,,,,2014-09-19,FULL_TIME,NONE,WEEKDAY,HALF
2147 Beyond the Culture_Nov,2014-11-17,  1.00,,,,,2014-09-19,FULL_TIME,NONE,WEEKDAY,HALF
2146 Beyond the Culture_Oct,2014-10-06,  1.00,,,,,2014-09-19,FULL_TIME,NONE,WEEKDAY,HALF
2146 Beyond the Culture_Oct,2014-10-13,  1.00,,,,,2014-09-19,FULL_TIME,NONE,WEEKDAY,HALF
2146 Beyond the Culture_Oct,2014-10-20,  1.00,,,,,2014-09-19,FULL_TIME,NONE,WEEKDAY,HALF
2146 Beyond the Culture_Oct,2014-10-27,  1.00,,,,,2014-09-19,FULL_TIME,NONE,WEEKDAY,HALF
2145 Beyond the Culture_Sept,2014-09-29,  1.00,,,,,2014-09-19,FULL_TIME,NONE,WEEKDAY,HALF
2144 Feng Shui School_March,"March. 13 - March 15, 2014",  1.00,,,,,2014-09-19,FULL_TIME,MULTI_DAY,WEEKDAY,HALF
2143 Feng Shui School_Feb,"Feb. 1, 2014",  1.00,,,,,2014-09-19,FULL_TIME,MULTI_DAY,WEEKDAY,HALF
2143 Feng Shui School_Feb,"Feb. 20 - Feb. 22, 2014",  1.00,,,,,2014-09-19,FULL_TIME,MULTI_DAY,WEEKDAY,HALF
2142 Feng Shui School_Jan,"Jan. 30 - Jan. 31, 2014",  1.00,,,,,2014-09-19,FULL_TIME,MULTI_DAY,WEEKDAY,HALF
2142 Feng Shui School_Jan,"Jan. 9 - Jan. 11, 2014",  1.00,,,,,2014-09-19,FULL_TIME,MULTI_DAY,WEEKDAY,HALF
2141 Feng Shui School_Dec,"Dec. 12 - Dec.14, 2014",  1.00,,,,,2014-09-19,FULL_TIME,MULTI_DAY,WEEKDAY,HALF
2140 Feng Shui School_Nov,"Nov. 1 - Nov. 2, 2014",  1.00,,,,,2014-09-19,FULL_TIME,MULTI_DAY,WEEKDAY,HALF
2140 Feng Shui School_Nov,"Nov. 21 - Nov. 23, 2014",  1.00,,,,,2014-09-19,FULL_TIME,MULTI_DAY,WEEKDAY,HALF
2139 Feng Shui School_Oct,"Oct. 31, 2014",  1.00,,,,,2014-09-19,FULL_TIME,MULTI_DAY,WEEKDAY,HALF
2139 Feng Shui School_Oct,"Oct.10-Oct.12, 2014",  1.00,,,,,2014-09-19,FULL_TIME,MULTI_DAY,WEEKDAY,HALF
2138 Linda Curtis_Rev1,2014-09-24,  1.00,  2.50,232.50,232.50,  0.00,2014-09-17,NON_MEMBER,NONE,WEEKDAY,HALF
2138 Linda Curtis,2014-09-24,  1.00,  2.50,232.50,232.50,  0.00,2014-09-17,NON_MEMBER,NONE,WEEKDAY,HALF
2137 Bay Bucks,2014-10-24,  1.00,,470.00,470.00,  0.00,2014-09-12,FULL_TIME,NA,WEEKDAY,HALF
2136 OCCUR_withAV,2014-10-22,  1.00,  4.50,1497.50,1497.50,  0.00,2014-09-12,NON_MEMBER,NONE,WEEKDAY,HALF
2136 OCCUR,2014-10-22,  1.00,  5.00,1387.50,1387.50,  0.00,2014-09-12,NON_MEMBER,NONE,WEEKDAY,HALF
2135 BeyondCultureofSeparation,2014-11-05,  1.00,  7.00,1585.00,1585.00,  0.00,2014-09-11,FULL_TIME,NONE,WEEKDAY,FULL
2134 HERA,2014-11-05,  2.00,  8.00,1725.00,1725.00,  0.00,2014-09-10,NON_MEMBER,NONE,WEEKDAY,FULL
2131 Black Elected Officials,2014-09-24,  1.00,,,,,2014-09-08,NON_MEMBER,FOUNDER,WEEKDAY,HALF
2130 ULI,2014-10-03,  1.00,  4.50,615.00,615.00,  0.00,2014-09-08,FULL_TIME,NONE,WEEKDAY,HALF
2128 AlamedaCountyOfficeofEdu,9/20/14-9/21/14,  1.00, 18.00,1400.00,1400.00,  0.00,2014-09-05,FULL_TIME,NONE,WEEKEND,FULL
2129 Women 2.0_2nd,2014-09-04,  1.00,  3.50,1040.00,300.00,  0.71,2014-09-04,NON_MEMBER,FRIEND,WEEKDAY,HALF
2126 Amigos_Ambassador,2014-09-20,  1.00,,,,,2014-09-03,FULL_TIME,NONE,WEEKEND,HALF
2150 Holmes Hummel,2014-10-09,  1.00,  3.50,892.50,892.50,  0.00,2014-09-02,NON_MEMBER,NONE,WEEKDAY,HALF
2125 OpenOak_LeaderRetreat,2014-09-07,  1.00,  7.00,575.00,575.00,  0.00,2014-08-28,FULL_TIME,NONE,WEEKEND,FULL
2124 The Loop,2014-11-01,  4.00,  7.00,3185.00,2976.50,  0.07,2014-08-28,PART_TIME,MULTI_ROOM,WEEKEND,FULL
2123 Peers,2014-10-11,  1.00,  4.00,970.00,970.00,  0.00,2014-08-26,FULL_TIME,NONE,WEEKEND,HALF
2122 EastBayRentalHousingAssoc,2014-12-03,  1.00,  5.00,1335.00,1335.00,  0.00,2014-08-26,NON_MEMBER,NONE,WEEKDAY,HALF
2122 EBayRentalHousing_Member,2014-12-03,  1.00,  5.00,1125.00,1125.00,  0.00,2014-08-26,PART_TIME,NONE,WEEKDAY,HALF
2121 OakMetroChamberofCommerce,2014-09-16,  1.00,  7.00,1470.00,927.30,  0.37,2014-08-25,FULL_TIME,FOUNDER,WEEKDAY,FULL
2120 OneLifeInstitute,2015-01-22,  1.00,  5.50,1200.00,1200.00,  0.00,2014-08-22,FULL_TIME,FOUNDER,WEEKDAY,FULL
2116 movement strategy center,2014-09-09,  1.00,,,,,2014-08-20,FULL_TIME,NONE,WEEKDAY,HALF
2119 ImpactSocial_original,2014-09-15,  1.00,  4.50,950.00,950.00,  0.00,2014-08-19,PART_TIME,NONE,WEEKDAY,HALF
2115 John Chiang,2014-08-27,  1.00,  3.50,480.00,365.00,  0.24,2014-08-19,NON_MEMBER,NA,WEEKDAY,HALF
2114 Michael Orange_Jazz,2014-09-25,  1.00,  4.50,980.00,980.00,  0.00,2014-08-08,FULL_TIME,NONE,WEEKDAY,HALF
2113 ThirdThursday_Sept,2014-09-18,  1.00,  5.00,870.00,870.00,  0.00,2014-08-08,FULL_TIME,NONE,WEEKDAY,HALF
2112 Women 2.0,2014-08-07,  1.00,  3.50,1040.00,300.00,  0.71,2014-08-08,NON_MEMBER,FRIEND,WEEKDAY,HALF
2111 HACK THE HOOD GRAD,2014-08-14,  1.00,  4.00,810.00,601.20,  0.26,2014-08-06,FULL_TIME,NA,WEEKDAY,HALF
2110 Akili Dada Concert,2014-11-21,  1.00,  5.00,1539.33,1317.75,  0.14,2014-08-06,PART_TIME,NA,WEEKDAY,HALF
2109 Meridian University,2014-10-18,  1.00,  6.00,1060.00,1060.00,  0.00,2014-08-06,FULL_TIME,NONE,WEEKEND,FULL
2108 SexyHuman,2014-08-13,  1.00,  3.50,320.00,320.00,  0.00,2014-08-05,PART_TIME,NONE,WEEKDAY,HALF
2107 Fall Wine Event,2014-10-11,  1.00,  8.00,1945.00,1378.00,  0.29,2014-08-05,NON_MEMBER,REOCURRING,WEEKEND,FULL
2106 LNA_WATER,2014-08-01,  1.00,  6.50,1180.00,300.40,  0.75,2014-08-01,NA,FRIEND,WEEKDAY,FULL
2105 Tradeswomen,2014-09-19,  3.00,  6.50,2055.00,2055.00,  0.00,2014-07-31,PART_TIME,NONE,WEEKDAY,FULL
2104 Black Elected,2014-07-23,  1.00,,,,,2014-07-21,PART_TIME,NONE,WEEKDAY,HALF
2103 MightyBell,2014-08-04,  1.00,  5.00,1335.00,1335.00,  0.00,2014-07-15,NON_MEMBER,NONE,WEEKDAY,HALF
2043 Ojah Yoga,2014-07-12,  2.00, 18.00,4212.50,3841.25,  0.09,2014-07-12,NA,NA,WEEKEND,FULL
2102 Future Energy,2014-09-05,  1.00,,1660.00,1660.00,  0.00,2014-07-10,FULL_TIME,NONE,WEEKDAY,HALF
2101 MarcusFosterEduFund_rev1,2014-08-09,  2.00,  6.50,1840.00,1273.00,  0.31,2014-07-10,NON_MEMBER,NA,WEEKEND,FULL
2101 MarcusFosterEduFund,2014-08-09,  4.00,  7.00,3625.00,3262.50,  0.10,2014-07-10,NON_MEMBER,NA,WEEKEND,FULL
2100 Brown Sugar Kitchen,2014-09-08,  2.00,  7.50,2350.00,2350.00,  0.00,2014-07-07,PART_TIME,NONE,WEEKDAY,FULL
2099 World Trust,2014-10-02,  2.00,  9.00,2607.50,2168.75,  0.17,2014-06-27,PART_TIME,MULTI_ROOM,WEEKDAY,FULL
2098 Port Of Oakland,2014-07-29,  1.00,  4.50,950.00,950.00,  0.00,2014-06-27,PART_TIME,NONE,WEEKDAY,HALF
2097 Indie Awards Dinner,2014-07-08,  1.00,  5.25,1532.50,1532.50,  0.00,2014-06-25,NON_MEMBER,NONE,WEEKDAY,HALF
2096 BAI -Sangha in the city,2014-06-29,  1.00,  7.25,240.00,240.00,  0.00,2014-06-25,NA,NA,WEEKEND,FULL
2095 Prajekt,Every Tuesday,  1.00,,,,,2014-06-25,FULL_TIME,NONE,WEEKDAY,HALF
2094 BAI - Bruce Lipton,2014-07-10,  1.00,  5.00,820.00,820.00,  0.00,2014-06-25,FULL_TIME,NONE,WEEKDAY,HALF
2093 BGC  Extended Use Fee,?,  1.00,,,,,2014-06-23,FULL_TIME,NONE,WEEKEND,HALF
2091 Family Violence Law Center,2014-09-12,  2.00,  8.00,2070.00,2070.00,  0.00,2014-06-23,PART_TIME,NONE,WEEKDAY,FULL
2090 Mandela Marketplace_Final,2014-11-06,  3.00,  8.00,2840.00,2840.00,  0.00,2014-06-23,PART_TIME,NONE,WEEKDAY,FULL
2090 Mandela Marketplace,2014-11-06,  4.00,  8.00,3060.00,3060.00,  0.00,2014-06-23,PART_TIME,NONE,WEEKDAY,FULL
2038 Misssey_org membership,2014-06-21,  4.00, 10.00,4050.00,4050.00,  0.00,2014-06-21,NA,NONE,WEEKEND,FULL
2089 Vegan Soul Sunday,2014-07-20,  3.00,,,,,2014-06-19,NA,FRIEND,WEEKEND,HALF
2088 WikiStategies,2014-07-19,  1.00,  7.00,745.00,745.00,  0.00,2014-06-19,NON_MEMBER,NONE,WEEKEND,FULL
2087 Summer Wine Event,2014-07-16,  4.00,  7.50,1850.00,1850.00,  0.00,2014-06-18,NA,NONE,WEEKDAY,FULL
2085 P2R Graduation,2014-06-21,  1.00,  5.50,875.00,875.00,  0.00,2014-06-17,FULL_TIME,NONE,WEEKEND,FULL
2086 OBDC,2014-07-15,  1.00,  4.00, 60.00, 60.00,  0.00,2014-06-16,FULL_TIME,NA,WEEKDAY,HALF
2084 BuildUp,2014-06-24,  1.00,  4.50,1130.00,1130.00,  0.00,2014-06-16,NON_MEMBER,NONE,WEEKDAY,HALF
2082 Libby Shaaf,2014-06-22,  1.00,  5.50,1270.00,1270.00,  0.00,2014-06-09,NON_MEMBER,NONE,WEEKEND,FULL
2081 BK Foundation,2014-07-19,  1.00,  6.00,1090.00,1090.00,  0.00,2014-06-06,FULL_TIME,NONE,WEEKEND,FULL
2058 Vital Systems Revised,2014-06-05,  1.00,  5.00,600.00,567.00,  0.06,2014-06-05,NA,NONE,WEEKDAY,HALF
2051 Vital Systems,2014-06-05,  1.00,  4.50,545.00,517.50,  0.05,2014-06-05,NA,NONE,WEEKDAY,HALF
2079 Cinema Club,2014-07-16,  1.00,  5.00,950.00,950.00,  0.00,2014-06-03,FULL_TIME,NONE,WEEKDAY,HALF
2078 ThirdThursday,2014-06-19,  1.00,  5.00,870.00,870.00,  0.00,2014-06-03,FULL_TIME,NONE,WEEKDAY,HALF
2076 LNA_Beltane,2014-05-17,  1.00,  6.00,250.00,250.00,  0.00,2014-05-30,NA,NONE,WEEKEND,FULL
2071 KQED_FilmSalon (3),2014-06-25,  1.00,  4.00,600.00,600.00,  0.00,2014-05-27,NA,NONE,WEEKDAY,HALF
2070 KQED_FilmSalon (2),2014-05-29,  1.00,  4.00,600.00,600.00,  0.00,2014-05-27,NA,NONE,WEEKDAY,HALF
2069 KQED_FilmSalon,2014-04-29,  1.00,  4.00,600.00,600.00,  0.00,2014-05-27,NA,NONE,WEEKDAY,HALF
2068 OpenOakland,2014-05-31,  1.00,  7.00,1802.50,1802.50,  0.00,2014-05-27,PART_TIME,NONE,WEEKDAY,FULL
2055 United Roots_Revised,2014-05-24,  5.00, 10.50,2120.00,2120.00,  0.00,2014-05-24,NA,NONE,WEEKEND,FULL
2039 United Roots,2014-05-24,  4.00, 10.00,1980.00,1980.00,  0.00,2014-05-24,NA,NONE,WEEKEND,FULL
2067 Worksafe,2014-06-27,  1.00,  4.00,1040.00,1040.00,  0.00,2014-05-21,NON_MEMBER,NONE,WEEKDAY,HALF
2064 SlowMoney Update,2014-05-28,  1.00,  4.00,370.00,370.00,  0.00,2014-05-16,FULL_TIME,NONE,WEEKDAY,HALF
2065 FilmUpFilmFest,2014-05-28,  1.00,  3.50,195.00,195.00,  0.00,2014-05-14,FULL_TIME,NONE,WEEKDAY,HALF
2063 Joanne da Luz,2014-05-28,  1.00,  3.50,195.00,195.00,  0.00,2014-05-14,FULL_TIME,NONE,WEEKDAY,HALF
2062 John Pomeroy,2014-05-28,  1.00,  3.50,195.00,195.00,  0.00,2014-05-14,FULL_TIME,NONE,WEEKDAY,HALF
2061 Slow Money,2014-09-12,  1.00,  2.75,535.00,535.00,  0.00,2014-05-14,FULL_TIME,NONE,WEEKDAY,HALF
2060 EBASE,2014-06-26,  1.00,  4.50,1012.50,1012.50,  0.00,2014-05-13,PART_TIME,NONE,WEEKDAY,HALF
2059 Commonwealthclub,2014-09-17,  2.00,  6.00,2525.00,2525.00,  0.00,2014-05-13,NON_MEMBER,NONE,WEEKDAY,FULL
2057 OpenOakland,2014-05-31,  2.00,  7.50,2677.50,2677.50,  0.00,2014-05-09,PART_TIME,NONE,WEEKEND,FULL
2056 VIN12 Spring_Revised,2014-05-10,  4.00,  5.50,1840.00,1840.00,  0.00,2014-05-08,NA,NONE,WEEKEND,FULL
2054 Tessa Finlev,2014-05-06,  1.00,  6.00,480.00,480.00,  0.00,2014-05-06,NA,NONE,WEEKDAY,FULL
2052 Oak Food Policy Council,2014-05-03,  1.00,  4.50,707.50,663.75,  0.06,2014-05-03,NA,NONE,WEEKEND,HALF
2050 Bootcamp_BusinessInn_pt1,2014-05-28,  1.00,  4.50,490.00,490.00,  0.00,2014-05-01,NA,NONE,WEEKDAY,HALF
2049 BACC III,2014-06-18,  1.00,  4.00,380.00,380.00,  0.00,2014-05-01,NA,NONE,WEEKDAY,HALF
2048 BACC II,2014-04-30,  1.00,  4.00,380.00,380.00,  0.00,2014-05-01,NA,NONE,WEEKDAY,HALF
2047 BACC I,2014-03-26,  1.00,  4.50,490.00,490.00,  0.00,2014-05-01,NA,NONE,WEEKDAY,HALF
2046 GenUp Wiser,2014-05-08,  1.00,  5.00,710.00,710.00,  0.00,2014-05-01,NA,NONE,WEEKDAY,HALF
2045 LPFI,2014-06-14,  1.00,  7.00,1690.00,1690.00,  0.00,2014-04-27,NA,NONE,WEEKEND,FULL
2044 VIN12 Spring,2014-05-10,  1.00,  5.00,1050.00,1050.00,  0.00,2014-04-27,NA,NONE,WEEKEND,HALF
2035 Sungevity Event,2014-04-25,  4.00, 10.00,4265.00,4265.00,  0.00,2014-04-25,NA,NONE,WEEKDAY,FULL
2042 SBA,2014-04-22,  1.00,  4.50,325.00,325.00,  0.00,2014-04-22,NA,NONE,WEEKDAY,HALF
2036 Catchafire,2014-04-07,  1.00,,,,,2014-04-07,NA,NONE,WEEKDAY,HALF
2041 Bryant Terry,2014-04-09,  1.00,,,,,2014-04-04,NA,NONE,WEEKDAY,HALF
615006 BaseCamp,2015-07-10,,,,,,,,,,HALF
615004-2 BGC Hackathon_overtime,2015-06-21,,,,,,,,,,HALF
615004 BGC Hackathon,2015-06-19,,,,,,,,,,HALF
415006-3 CSS Member,2015-06-04,,,,,,,,,,HALF
415006-2 CSS Member,2015-06-04,,,,,,,,,,HALF
2194-2 AAMA_Report Out_AV,2015-01-15,,,,,,,,,,HALF
2187-3 AlterConf_Compost,2015-01-31,,,,,,,,,,HALF
2187-2 AlterConf_AV,2015-01-31,,,,,,,,,,HALF
215015-3 Oakland Institute ,2015-04-24,,,,,,,,,,HALF
215011-2 Kaiser HNS Grad,2015-06-13,,,,,,,,,,HALF
2147 OakChamberofComme_fine,2014-09-16,,,,,,,,,,HALF
2106 KQED_pechakucha,2014-07-26,,,,,,,,,,HALF
2100 Brown Sugar Kitchen_AV,2014-09-08,,,,,,,,,,HALF
2099 World Trust_PrePostevent,2014-10-02,,,,,,,,,,HALF
2083 Nat Poetry Slam_cleaning,2014-08-08,,,,,,,,,,HALF
2083 Nat Poetry Slam,2014-08-08,,,,,,,,,,HALF
2080 Libby Shaaf,2014-06-08,,,,,,,,,,HALF
2077 BALLE,2014-05-17,,,,,,,,,,HALF
2066 BlackGirlsCode,6/7/14-6/8/14,,,,,,,,,,HALF
2053 Global Solutions Party,2014-05-01,,,,,,,,,,HALF
2040 Catchafire AV,2014-04-07,,,,,,,,,,HALF
2037 Get Storied,5/17 & 5/18,  1.00, 20.00,3540.00,3212.00,  0.09,,NA,NA,,FULL
1015014 Womens Film Forum,2015-11-04,,,,,,,,,,HALF
